msme_id,archetype,true_health,gst_turnover_lakhs_avg,gst_turnover_growth_yoy_pct,gst_filing_delay_days_avg,gst_filing_consistency_pct,upi_aa_avg_monthly_inflow_lakhs,upi_aa_avg_monthly_outflow_lakhs,cash_flow_volatility_cv,bounce_rate_pct,avg_bank_balance_runway_days,epfo_employee_count,epfo_employee_growth_yoy_pct,epfo_pf_compliance_score,epfo_avg_wage_growth_yoy_pct,defaulted_12m,net_margin_pct,revenue_stability_score,cash_flow_health_score,compliance_score,growth_momentum_score,repayment_capacity_score,composite_rule_score
MSME00000,credit_invisible_viable,71.1,423.4,13.6,9.2,75.3,156.0,124.1,0.39,14.6,80.0,111,6.2,73.7,20.0,0,20.4,62.9,58.7,68.6,66.8,66.6,64.3
MSME00001,seasonal,73.9,276.5,38.8,20.4,68.8,150.5,133.5,0.29,11.6,77.0,105,0.1,52.1,9.0,0,11.3,67.9,58.4,48.0,49.0,57.7,56.7
MSME00002,high_risk_ntc,39.1,178.4,23.2,16.2,67.4,161.8,136.2,0.42,21.6,49.0,84,36.1,66.7,15.3,0,15.8,49.6,47.2,55.9,79.1,49.5,54.7
MSME00003,credit_invisible_viable,45.1,267.6,-4.4,17.2,63.7,154.6,131.5,0.74,12.3,31.0,42,22.2,74.8,11.4,1,14.9,38.4,44.5,56.0,65.5,41.0,48.0
MSME00004,stable_growth,77.4,307.5,42.1,30.4,91.8,227.0,185.3,0.36,21.4,53.0,118,29.6,75.7,-0.5,0,18.4,72.6,51.4,62.4,54.7,53.4,58.7
MSME00005,high_risk_ntc,31.1,289.0,20.1,21.5,69.3,127.8,96.0,0.39,14.2,44.0,99,8.9,29.8,-2.5,1,24.9,56.5,62.5,39.0,39.5,54.9,51.6
MSME00006,credit_invisible_viable,72.1,111.2,26.7,22.0,62.4,229.2,196.4,0.31,10.5,80.0,177,-6.0,53.6,3.5,0,14.3,46.6,61.1,43.5,38.2,61.5,51.3
MSME00007,credit_invisible_viable,84.2,270.7,15.5,4.1,87.7,209.2,173.5,0.57,6.1,105.0,131,36.7,81.8,4.7,0,17.1,52.0,58.4,82.8,65.8,74.5,66.3
MSME00008,stable_growth,58.5,199.2,2.4,36.4,63.9,210.0,226.4,0.58,13.1,65.0,25,-8.1,64.1,7.8,0,-7.8,37.4,32.3,37.1,42.4,36.6,36.7
MSME00009,declining,29.1,45.0,-3.7,32.4,56.6,170.4,143.1,0.65,19.1,74.0,80,2.2,25.0,10.0,0,16.0,21.0,41.7,21.4,51.5,60.4,38.7
MSME00010,seasonal,67.1,206.6,32.3,17.0,79.6,128.5,91.3,0.37,9.4,94.0,188,-18.5,84.4,18.2,0,28.9,58.0,71.0,69.0,49.4,79.6,66.5
MSME00011,high_risk_ntc,6.3,73.8,-16.1,35.9,51.5,24.3,25.2,0.71,23.1,33.0,105,-33.8,44.0,4.7,1,-3.7,15.0,20.9,22.8,22.7,26.4,21.5
MSME00012,credit_invisible_viable,82.8,326.4,36.4,6.0,89.1,264.7,220.7,0.26,8.9,92.0,90,23.5,60.7,7.9,0,16.6,70.3,66.1,74.2,61.8,68.6,68.4
MSME00013,credit_invisible_viable,71.7,402.3,1.0,29.0,68.5,200.2,137.8,0.35,10.6,68.0,142,-2.4,83.0,-4.3,0,31.2,52.8,72.2,52.7,30.3,70.4,57.8
MSME00014,seasonal,70.2,286.6,20.1,15.1,69.8,82.1,58.1,0.59,5.7,99.0,83,-22.4,57.6,10.5,0,29.2,56.3,67.1,54.7,37.2,82.0,61.0
MSME00015,stable_growth,70.4,209.8,26.1,16.1,69.5,139.6,116.5,0.57,11.5,88.0,58,23.1,57.5,10.2,0,16.5,54.1,52.5,53.8,64.5,66.7,57.7
MSME00016,declining,43.1,224.9,49.1,19.3,61.0,186.7,136.9,0.32,12.9,31.0,79,36.9,63.0,8.2,1,26.7,70.7,67.6,48.4,70.4,50.8,61.4
MSME00017,stable_growth,83.5,419.4,3.5,10.6,90.6,187.4,125.8,0.23,5.4,84.0,130,37.7,92.2,22.2,0,32.9,55.8,82.9,83.3,88.9,78.7,77.6
MSME00018,credit_invisible_viable,70.3,214.8,45.9,24.7,83.8,152.0,117.3,0.43,6.2,104.0,41,8.1,88.7,18.3,0,22.8,67.7,67.5,67.1,65.8,78.8,69.5
MSME00019,credit_invisible_viable,70.3,221.2,26.8,20.4,91.9,250.5,224.9,0.71,21.0,69.0,66,13.3,74.3,15.7,0,10.2,55.5,33.4,69.8,65.6,53.4,53.9
MSME00020,credit_invisible_viable,70.7,360.5,31.5,24.2,94.6,119.6,81.7,0.14,8.3,84.0,117,28.6,75.9,2.3,0,31.7,69.8,82.3,69.0,57.7,77.7,72.5
MSME00021,seasonal,49.6,227.9,17.1,22.5,58.2,101.9,62.2,0.53,6.0,75.0,82,25.7,72.6,3.3,0,39.0,49.5,76.3,47.8,57.3,79.9,63.1
MSME00022,high_risk_ntc,27.8,249.1,13.7,31.9,63.0,127.4,82.6,0.29,12.3,27.0,101,-10.3,34.1,4.0,1,35.2,49.0,75.6,28.9,36.2,56.2,51.2
MSME00023,high_risk_ntc,27.7,184.7,2.3,23.4,51.2,138.3,100.1,0.43,15.5,61.0,38,-3.2,61.0,-0.8,1,27.6,36.2,61.8,38.7,34.3,64.4,48.5
MSME00024,credit_invisible_viable,71.8,374.3,46.1,36.8,68.5,213.3,130.4,0.34,12.0,40.0,147,19.4,57.3,14.0,0,38.9,80.7,77.0,37.0,67.2,64.9,65.8
MSME00025,stable_growth,83.0,246.5,20.9,5.3,74.3,244.9,172.0,0.29,10.3,65.0,73,27.3,78.4,14.1,0,29.8,53.6,73.6,72.8,72.1,68.0,68.1
MSME00026,declining,24.4,175.8,25.4,37.5,51.3,121.2,90.0,0.46,19.0,74.0,150,-7.7,45.6,-3.0,1,25.7,50.9,55.8,22.0,28.7,68.4,46.5
MSME00027,stable_growth,74.0,301.0,13.2,30.1,66.0,215.8,143.2,0.4,6.3,83.0,47,12.2,77.6,18.4,0,33.6,52.8,76.5,48.3,68.4,78.8,65.4
MSME00028,stable_growth,86.9,240.0,29.8,8.4,81.0,193.7,121.6,0.27,8.8,75.0,80,38.2,77.0,12.7,0,37.2,59.0,81.3,73.7,77.0,78.4,74.1
MSME00029,credit_invisible_viable,60.6,136.2,-0.5,38.2,59.6,171.6,125.5,0.2,7.0,78.0,127,30.3,27.1,-3.5,0,26.9,30.4,77.9,19.4,51.3,71.2,51.4
MSME00030,credit_invisible_viable,59.8,343.8,27.9,29.7,82.8,173.1,167.7,0.59,8.1,66.0,169,18.2,67.2,8.3,1,3.1,66.0,45.2,54.6,59.1,46.2,53.5
MSME00031,high_risk_ntc,33.0,168.6,34.2,34.4,54.5,136.1,131.2,0.66,10.5,52.0,101,29.6,63.3,7.7,1,3.6,56.2,40.6,33.0,65.3,40.6,45.9
MSME00032,seasonal,70.1,209.7,22.5,18.3,96.3,224.7,171.4,0.57,4.8,88.0,140,5.4,75.5,16.9,0,23.7,51.7,64.6,74.4,62.3,72.7,65.3
MSME00033,seasonal,60.1,271.7,15.7,18.2,68.2,199.9,145.9,0.2,16.2,49.0,109,35.3,62.7,6.0,0,27.0,52.2,68.8,53.3,66.6,58.8,60.0
MSME00034,declining,48.3,352.1,-5.8,20.8,70.2,150.4,115.8,0.54,16.1,62.0,56,15.0,83.3,13.8,0,23.0,44.3,53.9,60.2,64.2,61.0,56.2
MSME00035,stable_growth,81.9,130.1,24.7,19.2,65.9,152.4,117.1,0.5,12.6,72.0,104,47.3,77.9,12.8,0,23.2,46.8,58.9,56.9,82.6,65.5,61.0
MSME00036,stable_growth,81.7,197.6,-1.0,28.8,93.6,204.4,164.4,0.21,8.1,41.0,71,-5.9,79.5,0.9,0,19.6,35.0,71.0,66.2,34.8,49.2,53.0
MSME00037,declining,40.5,139.4,-5.4,26.4,79.7,133.3,97.4,0.51,17.5,35.0,43,-11.8,72.8,-3.4,1,26.9,27.4,56.5,57.4,25.7,52.8,45.5
MSME00038,stable_growth,93.6,451.0,37.0,7.2,87.0,226.5,157.6,0.31,2.0,109.0,149,28.5,82.4,19.4,0,30.4,80.7,81.6,80.2,79.7,87.3,82.0
MSME00039,credit_invisible_viable,65.9,324.5,43.1,26.9,60.0,270.0,154.5,0.74,14.4,80.0,64,19.0,52.1,17.8,0,42.8,74.6,61.2,37.8,71.8,82.9,65.1
MSME00040,seasonal,36.0,285.2,50.6,33.6,67.5,97.2,87.4,0.8,15.4,26.0,104,33.4,27.0,8.4,1,10.1,76.5,35.7,27.5,68.6,35.0,47.0
MSME00041,credit_invisible_viable,84.0,239.2,18.9,21.2,68.8,225.4,185.2,0.15,10.5,43.0,69,5.4,66.9,20.4,0,17.8,51.6,69.3,52.9,66.8,48.6,58.0
MSME00042,credit_invisible_viable,63.4,181.5,43.7,26.7,89.0,230.1,171.1,0.8,12.4,66.0,124,26.7,77.4,16.8,0,25.6,63.5,50.3,64.4,75.2,64.9,62.4
MSME00043,seasonal,61.3,326.9,24.7,17.4,82.9,175.0,177.8,0.28,6.4,100.0,87,29.8,59.1,14.1,0,-1.6,62.6,54.3,61.1,73.7,56.8,60.7
MSME00044,credit_invisible_viable,81.1,344.9,25.8,8.7,81.7,280.0,176.4,0.56,3.1,75.0,171,29.0,83.6,3.9,0,37.0,64.8,76.6,76.4,60.0,78.2,72.0
MSME00045,credit_invisible_viable,52.0,310.4,24.2,14.0,47.8,130.3,110.6,0.65,8.8,92.0,117,-12.5,63.3,19.4,0,15.1,60.9,51.3,44.9,54.6,67.3,55.6
MSME00046,seasonal,45.0,217.5,13.9,9.5,57.3,162.5,135.9,0.31,16.0,67.0,149,28.6,77.9,11.2,1,16.4,46.6,57.1,59.4,69.2,57.7,57.4
MSME00047,seasonal,40.8,251.2,13.0,26.8,74.9,89.3,75.1,0.6,17.1,68.0,61,24.6,51.2,3.3,0,15.9,48.7,45.4,46.2,56.6,57.7,50.4
MSME00048,credit_invisible_viable,60.1,296.3,11.6,19.4,86.2,145.1,112.7,0.42,5.2,35.0,111,20.5,71.9,3.3,0,22.3,51.4,68.5,66.3,54.1,49.0,58.6
MSME00049,stable_growth,78.5,393.9,1.1,12.5,89.7,209.5,156.9,0.49,4.7,97.0,79,20.1,79.3,12.9,0,25.1,52.2,68.6,76.5,66.2,77.8,68.4
MSME00050,stable_growth,79.2,397.2,-1.2,1.9,61.6,238.4,202.5,0.42,5.4,70.0,105,20.7,89.6,-1.6,0,15.1,51.0,62.9,72.2,47.9,57.9,59.1
MSME00051,stable_growth,77.2,173.6,37.7,7.4,82.6,211.4,195.9,0.61,7.0,95.0,110,14.3,44.3,15.8,0,7.3,58.9,48.7,63.2,66.3,62.0,58.9
MSME00052,credit_invisible_viable,53.9,78.6,11.4,31.9,82.7,227.4,184.7,0.48,5.9,44.0,71,19.0,54.1,0.6,1,18.8,33.8,63.0,47.9,49.7,49.8,49.5
MSME00053,credit_invisible_viable,44.9,332.4,1.5,17.3,51.4,136.2,129.3,0.46,6.6,63.0,47,3.6,71.6,9.9,1,5.1,47.5,52.7,47.6,52.2,46.6,49.3
MSME00054,credit_invisible_viable,68.5,401.1,23.4,21.8,76.5,160.2,108.5,0.62,6.2,81.0,55,-4.4,87.6,5.5,0,32.3,67.6,67.9,64.7,41.7,77.0,65.1
MSME00055,credit_invisible_viable,63.3,190.3,35.0,8.4,77.9,278.4,247.4,0.54,10.9,65.0,26,-10.1,69.7,7.0,1,11.1,58.4,50.1,69.2,40.1,52.4,54.5
MSME00056,declining,39.6,76.5,13.8,36.5,62.8,158.0,118.9,0.64,8.3,66.0,49,-13.2,50.7,0.4,1,24.7,35.2,59.4,31.4,29.8,64.2,45.5
MSME00057,declining,42.0,237.0,-0.7,22.9,49.5,95.2,94.1,0.37,13.1,50.0,122,6.2,69.0,5.2,1,1.2,38.4,46.5,41.1,47.7,37.8,42.2
MSME00058,stable_growth,76.1,399.2,44.7,19.5,75.4,150.1,153.2,0.22,13.9,60.0,53,14.9,82.9,21.3,0,-2.1,81.7,48.5,64.1,73.8,39.2,60.2
MSME00059,stable_growth,81.1,449.6,49.2,36.0,77.1,142.8,101.6,0.28,3.6,106.0,65,21.2,67.6,19.7,0,28.9,88.8,79.9,46.5,75.6,84.8,75.3
MSME00060,credit_invisible_viable,70.3,356.1,32.8,32.1,75.5,232.3,129.9,0.3,8.6,95.0,176,22.3,73.8,12.7,0,44.1,70.3,82.6,50.9,67.3,89.3,72.8
MSME00061,declining,40.3,186.5,29.1,21.7,60.1,112.6,87.8,0.65,18.5,38.0,65,-10.8,74.7,6.1,1,22.0,54.2,46.8,50.4,38.5,50.0,48.4
MSME00062,declining,28.0,113.5,28.8,21.7,57.5,122.5,126.4,0.71,13.7,63.0,98,24.2,79.9,11.6,0,-3.2,48.1,30.6,50.8,67.0,39.6,45.4
MSME00063,credit_invisible_viable,66.2,299.9,40.8,15.9,75.3,173.0,147.1,0.39,7.5,52.0,140,6.2,78.1,17.4,0,15.0,71.1,61.7,65.0,63.4,50.1,62.2
MSME00064,credit_invisible_viable,70.0,280.7,34.6,23.0,81.8,222.5,176.9,0.67,15.3,44.0,144,4.4,69.3,3.2,1,20.5,65.5,48.2,60.0,44.1,51.2,54.0
MSME00065,declining,43.2,138.4,23.5,23.0,64.0,90.1,88.0,0.73,12.0,83.0,37,11.9,56.1,6.0,0,2.3,46.6,35.7,44.6,52.3,52.8,45.6
MSME00066,declining,31.1,383.3,16.6,22.9,58.8,64.3,61.0,0.58,19.8,19.0,75,-29.1,61.0,-5.7,0,5.1,61.7,35.3,43.5,12.2,27.8,37.3
MSME00067,seasonal,66.3,430.5,1.4,32.4,76.8,190.3,178.6,0.28,12.2,91.0,46,-4.2,65.2,17.4,0,6.1,55.3,54.2,48.2,57.1,59.4,54.7
MSME00068,stable_growth,72.9,406.0,36.9,16.4,56.3,219.9,193.4,0.68,7.6,68.0,186,30.5,72.8,21.7,0,12.1,77.0,49.2,51.6,83.8,54.6,61.5
MSME00069,seasonal,58.6,186.5,-5.8,38.7,78.6,184.8,183.5,0.43,13.6,61.0,43,-22.2,46.6,9.2,0,0.7,30.9,43.5,37.4,35.6,42.0,38.3
MSME00070,stable_growth,81.6,404.9,13.8,16.4,80.9,152.0,117.5,0.39,9.4,88.0,78,34.5,88.4,-3.9,0,22.7,61.6,65.6,71.8,53.4,71.9,65.5
MSME00071,seasonal,36.1,273.1,33.1,38.7,65.5,169.8,166.9,0.46,19.0,68.0,48,27.5,37.7,10.7,1,1.7,63.8,37.8,26.4,67.8,45.9,46.8
MSME00072,high_risk_ntc,10.6,179.3,13.6,33.7,67.3,56.0,50.9,0.44,15.6,24.0,25,-16.5,38.1,-3.1,1,9.1,43.3,47.5,31.5,23.2,33.2,37.0
MSME00073,stable_growth,63.1,394.6,44.3,28.8,53.4,139.6,98.2,0.2,10.7,86.0,162,16.0,67.3,3.7,0,29.7,81.1,76.3,38.1,51.8,76.8,66.0
MSME00074,stable_growth,56.3,330.3,12.6,14.4,51.6,103.6,105.3,0.57,11.2,68.0,182,27.7,88.7,13.2,1,-1.6,54.7,39.3,56.3,71.2,43.2,51.3
MSME00075,seasonal,51.9,327.7,-5.1,14.2,73.9,226.9,192.7,0.32,15.7,33.0,81,-3.5,53.8,9.8,0,15.1,42.8,56.1,56.4,47.8,42.0,49.4
MSME00076,seasonal,69.0,362.6,18.9,22.7,76.6,216.4,189.6,0.84,5.5,68.0,58,27.8,57.2,5.8,1,12.4,61.5,45.9,52.7,61.7,54.8,54.5
MSME00077,credit_invisible_viable,65.2,327.6,23.7,28.6,77.3,209.8,166.4,0.24,15.3,99.0,29,-2.3,57.5,4.1,0,20.7,62.0,63.5,48.6,41.2,74.9,59.2
MSME00078,declining,37.0,76.4,10.7,25.8,60.1,204.4,160.5,0.29,16.6,93.0,79,-9.4,80.0,6.9,1,21.5,33.1,61.1,49.2,40.4,73.1,52.4
MSME00079,credit_invisible_viable,78.9,341.3,44.4,7.0,86.4,285.6,209.9,0.48,3.7,93.0,109,0.7,32.2,7.7,0,26.5,76.9,71.0,61.2,47.6,77.2,68.0
MSME00080,credit_invisible_viable,81.3,288.8,22.0,6.4,89.0,97.6,90.0,0.65,13.8,50.0,96,23.4,57.0,2.4,0,7.8,57.7,40.9,72.5,54.6,43.2,53.1
MSME00081,seasonal,59.2,156.0,25.8,8.8,78.8,119.9,104.7,0.46,20.7,79.0,118,29.2,93.8,5.9,0,12.7,49.6,44.4,78.4,62.7,59.8,58.1
MSME00082,credit_invisible_viable,81.5,445.8,9.9,4.6,78.0,163.9,93.4,0.48,12.8,96.0,141,14.0,81.3,13.8,0,43.0,62.2,72.0,76.6,63.6,89.8,73.3
MSME00083,stable_growth,75.7,440.7,34.1,17.8,55.3,139.7,100.0,0.14,15.7,92.0,134,-9.6,52.9,9.2,0,28.4,78.0,72.4,42.4,43.3,78.4,64.4
MSME00084,stable_growth,68.3,411.1,23.2,29.1,84.5,114.1,113.7,0.29,10.2,90.0,101,-8.9,67.3,-1.0,0,0.4,68.3,51.6,56.1,30.6,54.2,53.2
MSME00085,stable_growth,70.2,333.7,9.5,17.9,88.7,165.0,120.7,0.23,3.5,82.0,68,20.5,69.8,17.0,0,26.8,53.0,80.2,68.1,71.7,72.8,69.6
MSME00086,credit_invisible_viable,53.2,380.9,11.8,5.3,78.6,84.6,51.4,0.17,4.4,62.0,132,36.1,74.8,-7.4,0,39.2,58.3,90.8,73.9,49.9,74.6,71.5
MSME00087,declining,26.1,182.6,1.1,26.0,53.1,132.2,142.8,0.58,17.1,34.0,82,3.2,78.7,1.2,1,-8.0,35.3,28.2,44.4,40.8,23.2,33.8
MSME00088,stable_growth,72.1,334.0,19.7,16.1,84.7,189.2,160.6,0.12,6.7,30.0,153,6.2,75.4,5.1,0,15.1,59.8,72.2,69.3,47.6,40.8,59.2
MSME00089,declining,43.0,131.9,42.1,39.4,77.6,169.0,141.6,0.26,9.1,66.0,130,17.3,48.3,7.9,0,16.2,58.5,65.6,36.9,58.0,57.0,55.6
MSME00090,stable_growth,88.8,388.9,29.9,5.2,93.9,234.8,155.6,0.26,6.8,87.0,68,15.7,85.5,16.1,0,33.7,71.0,81.1,86.9,67.6,80.6,78.1
MSME00091,credit_invisible_viable,54.2,269.5,12.1,17.8,61.3,193.7,185.2,0.31,14.9,78.0,45,-0.9,50.4,16.4,0,4.4,49.6,49.2,45.0,57.8,52.4,50.4
MSME00092,seasonal,64.7,168.5,-13.9,34.4,72.6,151.4,107.0,0.5,4.5,38.0,78,-7.9,49.5,3.5,1,29.3,24.1,71.6,38.3,37.0,56.0,47.1
MSME00093,seasonal,47.5,238.5,-2.6,27.4,77.9,254.5,249.6,0.54,10.6,76.0,54,29.4,34.3,11.9,0,1.9,37.2,43.5,41.2,70.6,49.4,47.0
MSME00094,seasonal,65.7,289.6,16.9,24.5,76.2,190.0,161.5,0.59,17.4,107.0,144,-29.1,42.1,11.0,0,15.0,54.4,44.8,45.3,33.7,73.6,50.9
MSME00095,credit_invisible_viable,66.7,431.7,9.2,19.9,62.7,70.8,57.0,0.56,5.5,73.0,129,26.0,52.5,-2.9,0,19.5,60.7,61.1,44.9,49.4,62.8,56.4
MSME00096,seasonal,38.0,303.5,35.0,28.3,70.7,75.6,66.8,0.71,18.2,53.0,139,-8.7,37.9,19.2,1,11.6,67.5,37.2,37.6,56.7,47.7,48.4
MSME00097,stable_growth,82.4,344.3,26.1,22.8,86.5,97.6,68.5,0.37,5.9,87.0,142,9.9,78.1,0.2,0,29.8,64.9,75.2,66.2,43.6,77.4,67.0
MSME00098,stable_growth,70.2,332.9,43.8,11.2,78.1,184.1,166.6,0.47,12.2,108.0,126,38.0,49.1,13.2,0,9.5,75.8,50.1,59.4,77.5,69.4,65.1
MSME00099,high_risk_ntc,22.0,174.3,3.8,35.5,62.7,99.0,78.6,0.66,20.6,25.0,132,-18.2,23.0,7.3,1,20.6,36.4,43.3,21.8,35.5,43.2,36.4
MSME00100,high_risk_ntc,14.0,133.3,0.1,17.3,55.3,71.1,51.1,0.62,20.3,46.0,93,-20.1,32.7,5.4,1,28.1,30.6,50.7,35.3,32.0,58.5,42.4
MSME00101,credit_invisible_viable,61.5,179.5,18.4,23.1,88.7,262.2,229.1,0.36,15.3,48.0,113,7.0,57.2,4.9,0,12.6,46.5,53.2,59.4,47.9,46.4,50.9
MSME00102,seasonal,65.1,281.0,21.8,20.8,64.7,206.8,178.8,0.36,5.4,57.0,167,19.0,56.6,15.5,0,13.5,57.0,63.8,47.0,68.9,51.0,57.3
MSME00103,high_risk_ntc,27.2,122.2,36.4,21.6,55.9,158.3,151.7,0.39,20.2,47.0,88,-12.2,74.6,-5.0,1,4.2,53.9,40.9,47.9,23.4,39.0,41.9
MSME00104,credit_invisible_viable,71.3,191.3,-14.7,17.6,77.6,127.6,103.8,0.48,5.8,100.0,104,-16.2,59.1,9.6,0,18.7,25.4,63.0,57.9,39.7,73.7,53.1
MSME00105,credit_invisible_viable,71.6,358.9,-10.7,12.4,86.3,124.0,88.6,0.38,10.6,106.0,80,-3.5,81.6,5.5,0,28.5,41.5,69.1,75.5,42.3,84.4,63.9
MSME00106,seasonal,75.8,359.4,16.0,8.6,61.6,194.0,165.2,0.28,10.0,86.0,149,35.0,70.8,5.1,0,14.8,59.4,63.0,60.0,65.2,64.4,62.3
MSME00107,seasonal,55.9,109.7,17.9,17.8,57.3,170.9,136.6,0.33,14.0,55.0,155,8.9,61.9,11.7,0,20.1,40.6,61.2,46.9,57.8,55.6,52.6
MSME00108,stable_growth,63.2,278.1,33.3,10.3,52.7,67.1,48.2,0.23,12.2,110.0,109,18.9,52.0,16.9,0,28.2,64.3,72.6,46.4,70.6,85.9,68.1
MSME00109,high_risk_ntc,46.0,334.8,22.4,26.5,69.0,132.8,105.5,0.66,9.0,49.0,152,-1.8,57.3,4.2,0,20.6,61.6,54.9,45.3,41.6,53.5,52.0
MSME00110,declining,31.7,301.1,-0.1,15.6,52.5,121.6,131.3,0.55,8.6,38.0,23,-14.3,40.9,11.6,0,-8.0,44.0,37.8,38.0,43.5,25.0,37.4
MSME00111,stable_growth,83.9,418.7,44.4,21.8,77.4,191.7,108.5,0.23,11.8,38.0,124,40.3,76.7,12.0,0,43.4,83.1,81.8,61.1,77.4,65.0,73.9
MSME00112,seasonal,64.6,297.9,38.9,9.5,82.4,124.0,105.1,0.58,11.2,99.0,110,7.1,62.5,2.1,0,15.2,69.7,51.5,68.3,44.3,70.4,61.2
MSME00113,declining,33.7,129.4,11.3,20.7,57.3,93.1,61.3,0.42,19.7,76.0,57,-9.9,39.3,3.5,1,34.2,37.8,62.9,36.2,35.7,76.4,51.2
MSME00114,stable_growth,77.8,226.2,42.0,11.3,82.1,184.6,133.5,0.18,8.3,112.0,187,33.3,84.7,8.4,0,27.7,66.0,77.9,75.1,68.4,86.4,75.2
MSME00115,high_risk_ntc,59.3,311.8,24.3,32.6,69.7,171.3,126.1,0.63,5.2,34.0,105,-5.6,70.9,3.0,0,26.4,61.1,64.1,46.1,37.7,51.9,53.5
MSME00116,credit_invisible_viable,88.8,387.7,21.5,17.1,88.8,238.8,130.3,0.26,11.5,107.0,113,8.7,69.4,15.2,0,45.4,65.3,81.1,68.7,62.2,94.4,75.3
MSME00117,credit_invisible_viable,68.7,407.5,35.4,16.4,81.8,236.7,193.9,0.34,8.0,74.0,116,12.7,70.4,11.6,1,18.1,76.2,65.3,65.6,60.0,62.1,66.1
MSME00118,seasonal,61.9,381.7,22.5,24.7,66.0,151.7,111.5,0.44,12.4,87.0,33,9.8,63.8,-2.6,0,26.5,65.5,63.7,47.4,39.9,74.6,59.4
MSME00119,credit_invisible_viable,78.8,321.8,27.6,3.7,78.1,169.2,93.8,0.6,5.8,38.0,89,21.1,58.2,-1.5,0,44.6,64.1,74.8,68.7,48.3,65.0,65.5
MSME00120,declining,26.5,88.6,32.2,27.3,74.1,139.3,139.2,0.56,21.7,84.0,126,32.8,51.0,8.1,1,0.1,48.4,30.4,45.3,67.8,51.4,46.8
MSME00121,credit_invisible_viable,71.3,282.8,-16.0,35.4,81.7,218.4,207.6,0.21,5.7,91.0,89,19.8,59.0,3.5,0,4.9,31.9,62.3,46.4,53.9,58.4,51.0
MSME00122,stable_growth,74.8,342.3,-0.8,18.3,62.3,164.1,155.5,0.5,7.4,75.0,83,-25.8,55.1,12.8,0,5.2,46.8,50.6,46.9,38.0,51.8,47.4
MSME00123,seasonal,63.8,272.0,-1.2,20.1,82.1,217.4,180.6,0.34,11.0,85.0,161,16.8,40.7,15.1,1,16.9,40.9,61.4,51.7,67.0,65.8,57.1
MSME00124,stable_growth,68.3,248.2,16.2,23.7,63.7,231.9,179.1,0.74,5.3,53.0,164,13.1,62.1,-0.1,0,22.8,50.5,57.4,46.2,45.2,57.0,51.9
MSME00125,declining,19.1,185.5,-2.8,36.1,75.8,179.9,189.8,0.58,18.3,32.0,99,-6.4,55.9,-4.8,1,-5.5,32.8,28.9,41.3,27.2,24.5,31.0
MSME00126,seasonal,35.1,160.7,-14.9,8.7,76.8,228.5,240.9,0.17,21.0,42.0,69,3.9,43.0,17.9,1,-5.4,22.8,40.7,58.3,62.7,28.8,41.6
MSME00127,stable_growth,66.1,236.5,3.3,6.5,79.0,123.1,114.3,0.49,7.9,28.0,102,10.9,93.7,12.2,0,7.1,41.0,51.9,80.3,59.7,33.3,52.8
MSME00128,stable_growth,71.3,341.4,7.9,19.8,79.3,185.8,120.0,0.74,11.3,92.0,81,12.5,81.6,6.7,0,35.4,52.5,60.9,65.6,53.5,84.2,63.7
MSME00129,declining,32.1,161.6,46.9,19.6,61.3,122.1,111.1,0.77,3.6,80.0,47,10.0,73.4,-1.4,1,9.0,64.0,47.7,52.2,41.7,57.0,52.8
MSME00130,stable_growth,90.5,381.8,52.3,26.1,89.2,207.9,157.2,0.68,6.7,67.0,85,10.5,86.1,8.3,0,24.4,85.4,59.4,68.2,54.4,64.4,66.6
MSME00131,high_risk_ntc,46.6,268.0,5.6,20.2,64.4,105.8,65.5,0.3,11.4,68.0,71,-14.1,85.1,-1.7,0,38.1,45.1,78.3,58.0,26.5,76.2,59.4
MSME00132,declining,25.4,92.7,-2.2,10.6,64.0,44.1,42.4,0.71,12.1,41.0,42,41.5,38.5,11.6,1,3.9,25.8,37.5,47.7,77.6,36.2,43.0
MSME00133,seasonal,64.2,245.4,-0.4,9.0,84.3,179.2,187.9,0.3,15.7,78.0,47,-3.5,31.1,3.0,0,-4.9,39.3,41.8,58.0,39.0,44.6,44.7
MSME00134,declining,30.9,333.9,-19.6,5.4,57.3,77.9,75.3,0.58,13.7,36.0,95,-0.7,44.9,13.8,0,3.3,33.6,40.0,50.2,54.6,33.5,41.6
MSME00135,stable_growth,72.7,203.7,22.9,15.4,70.8,192.1,182.8,0.2,8.4,52.0,129,-14.5,77.9,7.0,0,4.8,51.5,59.9,62.7,37.4,41.6,51.7
MSME00136,high_risk_ntc,32.8,56.0,-9.3,24.5,52.2,79.0,71.5,0.41,13.2,78.0,157,0.4,55.0,-2.0,1,9.5,18.1,51.2,36.2,35.0,56.6,40.2
MSME00137,declining,41.2,78.9,9.4,20.4,55.4,75.0,63.2,0.38,5.3,55.0,65,-15.7,60.7,3.0,1,15.7,32.4,64.8,43.4,31.5,52.0,46.5
MSME00138,credit_invisible_viable,64.6,297.0,-7.4,29.5,54.8,188.3,156.5,0.6,5.5,107.0,125,2.0,84.5,-6.7,0,16.9,38.7,57.8,44.9,29.9,75.2,50.7
MSME00139,stable_growth,83.5,348.7,15.2,26.6,88.0,211.3,133.3,0.52,12.3,81.0,139,34.1,79.4,10.6,0,36.9,58.0,68.8,64.6,71.8,80.8,68.6
MSME00140,declining,23.6,164.1,6.1,26.7,81.6,143.2,111.1,0.61,6.5,27.0,69,3.8,61.7,3.0,1,22.4,37.1,60.5,54.1,43.5,45.6,49.0
MSME00141,declining,35.1,325.0,15.4,7.9,81.2,245.3,250.4,0.28,10.9,83.0,122,10.3,39.8,12.3,1,-2.1,56.2,49.4,60.3,59.4,49.1,54.4
MSME00142,high_risk_ntc,69.0,80.0,30.9,24.2,58.0,197.4,187.5,0.35,7.9,87.0,147,-19.8,50.2,-3.6,0,5.0,46.9,55.3,38.0,20.6,56.8,45.3
MSME00143,declining,37.2,252.3,-12.2,30.4,74.1,159.8,116.6,0.38,21.1,72.0,105,32.3,79.5,15.0,1,27.0,32.0,57.5,53.5,76.3,68.6,56.6
MSME00144,declining,49.3,387.6,30.7,25.6,85.3,86.5,82.7,0.64,16.3,89.0,88,-17.1,61.4,13.8,0,4.4,71.4,36.2,57.0,44.6,57.1,52.8
MSME00145,seasonal,61.1,174.4,4.6,29.3,68.5,91.8,71.3,0.65,8.2,52.0,93,34.4,54.5,17.7,0,22.3,36.9,57.3,41.8,81.1,56.2,53.5
MSME00146,seasonal,67.0,263.9,33.8,9.3,77.2,253.6,207.4,0.62,16.3,68.0,55,29.4,57.1,9.1,0,18.2,63.6,47.2,63.4,67.0,59.6,59.2
MSME00147,declining,34.4,138.3,7.8,39.9,47.3,74.9,70.1,0.38,11.1,48.0,55,10.3,43.4,13.6,1,6.4,36.2,52.1,17.0,61.1,41.2,41.1
MSME00148,seasonal,58.0,187.2,-6.4,12.2,76.0,100.4,93.8,0.11,16.2,35.0,79,-8.5,51.8,-2.3,0,6.6,30.6,56.6,58.5,29.2,35.8,43.5
MSME00149,stable_growth,68.8,274.5,17.3,25.6,64.1,178.6,138.6,0.16,4.4,66.0,66,15.5,47.3,15.1,0,22.4,53.4,78.5,39.4,66.2,62.2,60.6
MSME00150,credit_invisible_viable,72.3,421.6,31.4,5.8,80.0,181.1,171.1,0.66,14.5,100.0,137,4.6,45.4,4.0,0,5.5,74.6,38.1,63.4,45.3,62.7,56.5
MSME00151,high_risk_ntc,17.2,332.9,12.2,20.8,46.9,56.7,54.7,0.51,15.3,49.0,128,-7.4,43.4,-5.8,1,3.5,54.7,41.1,31.6,25.3,39.2,39.2
MSME00152,stable_growth,80.3,307.2,25.7,30.1,85.7,180.9,147.3,0.25,4.4,46.0,83,12.2,63.4,2.2,0,18.6,61.7,72.5,54.5,47.6,50.6,58.6
MSME00153,declining,45.9,403.4,39.9,20.9,80.4,215.7,156.3,0.75,12.0,26.0,110,-28.2,75.8,7.0,1,27.5,78.9,53.9,63.3,29.1,49.4,56.2
MSME00154,stable_growth,77.9,334.6,42.6,24.4,70.7,146.1,147.8,0.62,9.7,106.0,76,33.6,76.2,4.2,0,-1.2,75.1,39.3,55.0,63.3,59.6,57.3
MSME00155,credit_invisible_viable,65.1,427.3,16.8,21.4,62.0,91.7,77.2,0.43,8.0,68.0,99,9.5,70.8,12.3,0,15.8,65.4,60.5,50.2,58.9,57.6,58.6
MSME00156,seasonal,65.4,287.6,35.1,18.1,52.3,226.8,198.4,0.37,13.0,54.0,82,1.5,54.4,-3.5,0,12.5,66.3,55.1,41.0,33.7,48.9,50.1
MSME00157,credit_invisible_viable,64.9,307.6,49.0,31.8,72.2,203.4,122.3,0.4,7.6,63.0,138,-0.2,64.5,-5.0,0,39.9,77.2,79.9,45.7,30.7,75.6,64.3
MSME00158,credit_invisible_viable,77.4,361.0,51.4,14.4,72.9,156.7,100.9,0.43,11.5,41.0,91,22.3,76.9,19.4,0,35.6,83.1,71.8,64.3,75.9,62.6,71.3
MSME00159,credit_invisible_viable,49.7,463.4,-7.0,8.0,53.4,63.6,62.6,0.74,14.7,93.0,143,-12.2,71.5,14.5,0,1.6,52.4,32.1,55.9,48.5,56.4,48.2
MSME00160,stable_growth,72.3,386.2,7.1,10.9,82.6,140.7,111.6,0.48,8.9,65.0,107,-25.0,68.1,1.8,0,20.7,55.6,61.4,69.4,24.4,60.4,56.1
MSME00161,high_risk_ntc,0.1,74.9,21.5,36.6,50.4,73.3,52.9,0.74,17.5,67.0,41,-6.7,56.1,1.6,1,27.8,40.2,49.0,26.1,35.2,67.2,44.2
MSME00162,stable_growth,63.0,374.5,0.8,23.4,62.0,233.9,216.4,0.65,11.3,70.0,57,20.1,65.8,16.5,0,7.5,50.4,43.1,46.8,70.8,51.6,51.2
MSME00163,stable_growth,85.9,320.4,5.5,5.0,76.2,144.8,94.4,0.19,9.9,106.0,139,15.3,84.8,14.9,0,34.8,49.2,81.2,76.5,65.8,89.6,73.2
MSME00164,declining,44.0,185.7,3.1,16.9,80.2,135.3,137.4,0.63,21.4,64.0,135,-18.1,49.4,8.0,1,-1.6,36.8,27.0,56.3,36.5,41.4,39.1
MSME00165,seasonal,51.4,341.3,23.7,16.7,77.6,193.6,156.5,0.41,16.8,83.0,114,7.3,34.8,15.9,0,19.2,63.1,54.9,49.5,62.2,66.8,58.9
MSME00166,credit_invisible_viable,53.0,263.0,14.3,18.3,69.5,39.1,33.0,0.12,16.8,81.0,178,-20.0,65.8,2.1,1,15.6,50.5,62.4,55.1,27.8,63.0,53.5
MSME00167,credit_invisible_viable,38.4,244.0,-2.0,12.5,73.2,194.5,195.6,0.17,23.5,70.0,151,-18.0,66.9,6.3,0,-0.6,38.1,41.8,62.2,34.4,44.8,44.6
MSME00168,seasonal,53.5,262.8,3.7,15.8,58.0,86.8,60.3,0.28,14.5,72.0,89,-8.3,70.9,7.8,0,30.5,43.4,70.3,52.3,42.3,71.6,57.4
MSME00169,high_risk_ntc,66.3,330.4,8.5,12.5,76.2,196.5,128.1,0.52,12.5,65.0,99,26.6,73.7,7.3,0,34.8,52.0,67.0,66.5,62.9,72.2,64.3
MSME00170,seasonal,65.2,335.3,4.9,26.5,77.1,190.0,142.4,0.45,13.7,106.0,133,3.9,60.9,6.2,0,25.1,50.0,61.0,51.3,47.7,81.6,59.0
MSME00171,declining,29.4,59.1,44.4,33.9,57.7,183.8,182.2,0.58,10.6,30.0,51,-11.5,39.6,5.6,1,0.9,54.2,41.3,26.3,37.5,29.0,37.8
MSME00172,seasonal,65.6,356.8,27.5,17.7,80.4,207.5,129.1,0.75,8.1,71.0,158,39.5,75.3,9.7,0,37.8,66.8,65.5,65.5,73.9,77.2,69.4
MSME00173,high_risk_ntc,6.6,71.0,12.7,28.3,49.5,16.0,11.7,0.38,16.4,38.0,83,-5.3,48.4,-4.1,1,26.9,34.0,62.2,29.2,28.8,54.0,43.3
MSME00174,stable_growth,72.6,177.2,15.6,18.8,83.3,138.7,120.3,0.39,12.3,84.0,129,20.3,60.6,16.0,0,13.3,44.5,55.7,60.9,70.3,62.4,58.0
MSME00175,stable_growth,75.8,320.4,22.9,10.2,84.6,199.7,133.8,0.45,8.0,66.0,148,8.0,85.3,2.8,0,33.0,60.8,72.6,77.5,45.8,71.0,66.9
MSME00176,seasonal,59.0,285.9,5.3,10.6,46.4,153.1,113.7,0.31,11.8,74.0,170,-3.3,49.5,6.8,0,25.7,46.3,68.3,41.6,44.0,68.4,54.9
MSME00177,high_risk_ntc,41.9,161.8,-22.9,15.4,80.8,166.9,104.1,0.51,18.6,53.0,102,-30.2,47.1,4.1,1,37.6,17.6,63.4,57.0,24.1,69.4,48.3
MSME00178,high_risk_ntc,35.2,289.2,-13.4,19.7,43.5,175.2,136.3,0.24,18.5,22.0,84,18.1,79.1,8.6,0,22.2,34.1,61.4,43.9,59.4,43.2,48.5
MSME00179,credit_invisible_viable,74.7,192.2,-7.1,8.2,71.5,222.6,165.9,0.65,8.2,76.0,171,22.9,82.4,-4.3,0,25.5,30.5,59.7,70.4,45.8,69.1,55.8
MSME00180,high_risk_ntc,19.7,130.8,-23.5,30.5,71.4,90.8,92.9,0.45,13.7,23.0,120,-10.3,42.1,11.0,1,-2.3,14.7,40.4,37.9,45.2,23.3,32.1
MSME00181,high_risk_ntc,43.5,175.7,-8.6,30.7,63.9,47.7,35.3,0.8,18.6,22.0,81,-0.4,61.9,1.4,0,26.0,28.2,44.5,40.8,38.9,46.4,40.0
MSME00182,declining,51.3,250.2,38.7,8.9,54.5,124.5,127.3,0.46,16.1,66.0,102,19.7,63.1,16.7,0,-2.2,65.7,37.8,52.7,70.8,41.8,52.1
MSME00183,seasonal,48.4,273.8,13.4,23.1,57.2,173.6,127.8,0.67,5.6,73.0,108,-22.5,27.1,3.5,0,26.4,50.8,62.3,29.8,28.0,68.6,49.6
MSME00184,credit_invisible_viable,59.1,179.9,40.7,18.4,84.3,99.6,70.2,0.43,9.6,80.0,124,-3.1,49.2,8.2,1,29.5,61.4,69.1,57.5,46.0,74.2,62.8
MSME00185,credit_invisible_viable,81.4,396.0,35.5,18.8,58.8,231.7,216.6,0.36,8.7,91.0,65,-5.0,72.5,21.6,0,6.5,75.3,55.2,51.0,62.0,59.7,60.3
MSME00186,seasonal,57.7,280.2,32.7,20.6,84.9,215.3,178.6,0.34,15.2,24.0,44,36.3,57.4,6.2,0,17.0,64.2,57.3,59.2,67.5,39.8,57.1
MSME00187,stable_growth,86.2,173.5,13.7,5.4,81.7,213.8,139.0,0.38,11.6,48.0,89,32.7,78.5,19.4,0,35.0,42.9,73.0,77.1,82.2,65.1,67.6
MSME00188,credit_invisible_viable,63.6,113.7,30.6,9.2,60.9,29.2,22.2,0.49,11.9,106.0,68,-26.4,82.1,9.5,0,24.0,49.3,60.5,63.3,33.4,80.6,58.8
MSME00189,seasonal,77.5,329.1,38.9,16.7,72.9,116.5,107.5,0.25,11.3,51.0,93,-13.2,66.6,14.0,0,7.7,72.2,57.4,58.7,47.3,43.6,56.3
MSME00190,high_risk_ntc,32.0,177.4,-3.2,35.0,53.4,229.6,239.6,0.51,15.5,66.0,115,-4.8,37.4,5.9,1,-4.4,32.0,35.0,22.1,41.9,39.9,33.8
MSME00191,stable_growth,77.1,319.7,36.3,3.5,87.6,160.9,103.8,0.28,5.8,60.0,114,6.5,76.3,16.7,0,35.5,69.7,82.7,81.1,62.8,70.6,74.4
MSME00192,stable_growth,87.5,353.8,39.8,17.5,88.9,91.7,64.5,0.75,6.2,84.0,137,-6.2,70.8,6.5,0,29.7,74.8,61.3,69.0,41.9,76.0,65.6
MSME00193,credit_invisible_viable,64.4,315.0,10.8,30.5,55.8,238.3,188.5,0.41,10.5,54.0,59,39.2,63.7,1.5,1,20.9,52.3,62.5,36.9,63.2,55.9,54.1
MSME00194,stable_growth,67.5,382.7,1.4,17.2,71.4,179.7,116.8,0.69,9.8,85.0,93,18.0,62.8,4.4,0,35.0,51.5,63.9,56.0,53.9,80.9,61.7
MSME00195,stable_growth,71.4,204.9,1.9,23.0,67.4,240.6,180.2,0.37,2.9,77.0,142,22.3,93.0,10.9,0,25.1,37.5,74.7,60.5,64.9,69.2,61.9
MSME00196,declining,39.5,118.3,12.0,18.1,81.2,150.6,129.5,0.56,12.1,45.0,119,-12.2,28.7,4.4,0,14.0,37.4,50.4,48.2,35.5,46.3,44.3
MSME00197,high_risk_ntc,6.5,65.8,2.2,30.7,46.4,108.8,115.6,0.37,18.7,20.0,42,1.9,37.4,8.0,1,-6.2,26.6,35.4,21.4,48.8,18.8,29.5
MSME00198,stable_growth,80.1,361.5,13.1,5.3,92.9,217.5,194.9,0.3,7.0,85.0,131,9.5,72.7,19.3,0,10.4,57.6,62.0,81.5,67.9,60.4,65.6
MSME00199,seasonal,53.5,373.8,17.1,4.9,70.9,198.1,152.1,0.5,10.7,35.0,178,0.8,48.8,0.4,0,23.2,61.3,60.8,60.0,38.3,49.7,55.1
MSME00200,credit_invisible_viable,79.5,295.6,37.2,25.0,66.7,278.4,196.3,0.67,10.5,88.0,123,27.1,84.2,5.1,0,29.5,68.4,59.8,55.2,60.4,77.6,64.2
MSME00201,high_risk_ntc,0.0,21.5,4.7,24.2,48.9,129.0,134.0,0.67,14.6,94.0,39,-32.2,51.7,-6.0,1,-3.9,24.7,30.6,33.2,9.9,52.3,31.2
MSME00202,declining,27.1,66.1,33.7,23.2,54.0,42.6,34.8,0.76,8.0,81.0,75,26.1,49.4,19.0,0,18.3,47.6,50.7,36.1,77.7,65.2,54.1
MSME00203,stable_growth,61.5,203.0,41.3,8.7,59.3,195.8,170.4,0.56,9.1,85.0,114,13.2,60.5,11.3,0,13.0,63.7,52.6,54.7,59.9,62.6,58.3
MSME00204,stable_growth,68.4,250.4,4.0,7.6,77.6,238.8,180.1,0.7,13.6,70.0,108,33.2,66.2,13.4,0,24.6,42.6,51.9,68.4,74.8,65.8,59.6
MSME00205,stable_growth,77.0,290.6,49.2,15.0,65.0,249.7,157.5,0.37,16.7,31.0,120,-5.5,69.9,0.3,0,36.9,76.0,69.7,56.7,34.3,59.4,61.0
MSME00206,stable_growth,73.6,323.1,15.3,11.2,54.1,162.6,103.9,0.78,12.9,43.0,57,-3.9,68.9,10.4,0,36.1,56.0,58.4,52.8,48.3,63.8,56.4
MSME00207,credit_invisible_viable,65.5,266.1,39.4,22.7,71.0,236.6,229.0,0.33,4.4,97.0,70,-11.3,63.7,13.3,0,3.2,67.5,58.1,51.8,47.5,59.5,57.4
MSME00208,stable_growth,73.7,402.2,26.7,21.6,57.7,235.8,171.9,0.27,8.0,55.0,113,19.1,74.0,8.3,0,27.1,70.0,74.6,48.8,59.7,61.4,63.6
MSME00209,declining,37.0,150.9,1.6,28.4,57.2,259.8,272.2,0.3,15.7,38.0,83,1.1,66.8,14.3,1,-4.8,33.0,41.9,40.5,56.4,27.6,39.2
MSME00210,credit_invisible_viable,57.9,190.0,-12.3,23.0,62.1,117.3,85.6,0.8,12.2,62.0,81,-1.1,43.9,21.7,0,27.0,26.9,51.6,39.0,64.5,64.4,48.6
MSME00211,declining,42.1,274.9,8.1,37.0,57.5,107.1,95.4,0.65,16.3,33.0,86,-16.6,40.7,-0.6,0,10.9,47.3,40.7,24.2,26.4,38.6,36.2
MSME00212,stable_growth,80.3,189.9,-1.0,8.0,94.7,180.8,185.9,0.32,4.7,48.0,127,-7.8,44.9,2.9,0,-2.8,34.4,53.7,70.0,36.3,33.6,46.5
MSME00213,credit_invisible_viable,71.9,349.4,40.3,17.2,78.3,155.8,98.7,0.64,9.6,73.0,153,12.8,81.5,3.1,0,36.6,74.8,67.0,67.0,49.1,77.0,67.9
MSME00214,credit_invisible_viable,73.6,328.9,47.1,28.1,80.9,133.8,76.3,0.53,11.1,53.0,115,5.2,73.9,20.2,1,43.0,77.7,72.0,57.2,66.4,71.4,69.2
MSME00215,credit_invisible_viable,71.0,298.4,8.9,29.8,57.1,41.8,39.0,0.74,13.5,55.0,134,-0.3,76.6,17.3,0,6.7,49.7,37.2,43.0,59.4,44.4,45.6
MSME00216,stable_growth,91.3,453.0,37.3,5.1,76.9,190.3,117.0,0.14,4.1,66.0,109,40.4,54.3,11.4,0,38.5,81.1,91.6,65.4,76.6,75.6,78.8
MSME00217,stable_growth,74.3,261.6,11.8,14.4,80.8,210.0,156.4,0.34,7.4,87.0,143,13.1,90.7,10.7,0,25.5,48.7,71.5,74.1,59.0,73.8,66.0
MSME00218,high_risk_ntc,25.4,371.6,-6.4,37.9,51.8,84.2,69.3,0.47,4.3,42.0,98,20.0,40.7,-1.3,1,17.7,45.4,64.1,20.2,47.9,48.0,45.9
MSME00219,seasonal,51.0,231.4,29.9,27.2,80.7,251.3,216.0,0.17,9.3,58.0,139,-5.1,63.2,14.5,0,14.0,58.4,67.0,53.8,52.8,51.8,57.5
MSME00220,seasonal,47.6,128.3,13.2,24.9,55.9,147.4,103.9,0.67,10.3,75.0,130,8.9,72.8,4.1,0,29.5,39.0,60.0,44.7,48.0,72.0,53.3
MSME00221,declining,22.6,178.2,35.0,26.5,57.5,185.3,164.6,0.52,11.5,43.0,105,-6.9,35.5,2.2,1,11.2,57.5,50.3,30.4,35.9,43.1,44.2
MSME00222,credit_invisible_viable,59.1,173.7,9.7,16.8,66.3,181.4,155.7,0.59,12.0,60.0,103,-21.5,54.9,13.4,0,14.2,40.3,49.6,50.4,41.4,52.8,47.3
MSME00223,high_risk_ntc,28.9,125.7,24.8,29.8,64.5,167.4,126.0,0.84,15.3,61.0,95,23.9,53.8,3.5,0,24.7,46.5,45.4,38.8,56.4,62.0,49.3
MSME00224,seasonal,64.0,329.6,23.1,17.0,67.4,190.0,131.0,0.36,2.6,85.0,154,8.0,94.9,7.3,0,31.1,61.7,79.8,65.8,51.5,77.6,68.7
MSME00225,high_risk_ntc,30.8,248.9,21.8,26.4,60.2,202.1,169.5,0.46,16.3,47.0,58,12.1,56.6,5.2,1,16.1,54.4,51.3,40.0,51.4,48.9,49.2
MSME00226,stable_growth,68.9,245.4,14.8,19.0,73.9,184.4,112.1,0.43,5.8,74.0,87,-2.4,88.2,15.7,0,39.2,49.4,80.2,65.6,56.0,79.7,67.4
MSME00227,declining,44.0,328.7,11.3,17.3,59.5,171.5,134.7,0.67,15.8,39.0,104,-0.7,76.5,18.4,0,21.5,53.8,48.5,54.1,60.5,50.0,52.8
MSME00228,credit_invisible_viable,75.4,411.8,24.1,22.0,83.8,211.4,160.7,0.29,4.1,55.0,138,-2.1,76.3,14.9,0,24.0,69.0,75.4,64.6,55.2,58.8,65.6
MSME00229,stable_growth,73.7,424.3,9.4,39.9,80.9,171.4,119.8,0.29,9.2,92.0,82,34.0,54.0,16.2,0,30.1,60.2,74.9,40.6,78.9,79.8,66.7
MSME00230,stable_growth,69.8,355.9,35.2,5.7,76.0,205.6,149.2,0.61,8.3,83.0,113,18.8,83.1,8.3,0,27.4,71.9,62.5,75.2,59.4,73.7,68.7
MSME00231,seasonal,66.6,408.3,33.9,21.9,70.8,271.0,208.4,0.49,11.5,82.0,109,18.6,43.3,3.8,0,23.1,75.2,60.3,44.6,53.5,69.6,61.0
MSME00232,high_risk_ntc,32.8,65.8,18.8,19.0,73.4,106.7,84.2,0.19,15.6,59.0,19,24.1,77.8,10.7,1,21.1,37.6,65.3,61.4,65.8,58.2,57.6
MSME00233,declining,20.5,139.7,31.0,33.7,57.4,128.4,128.2,0.34,15.6,46.0,68,16.1,50.6,5.3,1,0.2,51.8,44.3,30.4,53.9,35.2,42.6
MSME00234,high_risk_ntc,29.0,117.4,32.8,27.6,59.3,193.2,202.2,0.77,8.2,67.0,77,11.8,25.2,-4.3,0,-4.7,51.2,32.9,26.8,39.0,40.1,37.7
MSME00235,credit_invisible_viable,70.6,322.4,17.0,25.3,78.4,241.1,168.6,0.48,3.9,93.0,110,-14.0,63.4,7.3,0,30.1,57.0,73.5,54.0,38.1,80.2,62.3
MSME00236,declining,26.0,132.7,11.5,36.8,81.2,112.6,108.3,0.41,13.2,70.0,143,-16.7,60.4,3.9,1,3.8,38.1,46.9,45.6,32.1,48.5,43.0
MSME00237,credit_invisible_viable,69.9,293.5,11.8,19.9,61.3,53.2,38.8,0.38,9.5,71.0,63,-6.8,64.8,5.8,0,27.1,51.2,69.2,48.8,40.6,68.3,57.0
MSME00238,stable_growth,63.4,430.9,21.4,30.2,83.1,202.5,168.7,0.43,7.7,98.0,74,23.8,76.7,19.0,0,16.7,68.7,61.4,57.9,76.3,71.2,66.4
MSME00239,stable_growth,85.7,337.0,19.4,2.7,60.5,77.5,71.8,0.5,10.3,86.0,29,22.0,61.5,15.2,0,7.4,59.9,49.4,60.4,70.3,58.3,58.6
MSME00240,credit_invisible_viable,80.5,372.1,49.4,30.7,82.7,261.0,208.2,0.18,6.9,92.0,103,-10.0,51.7,19.7,0,20.2,82.6,73.7,47.9,56.5,71.6,67.3
MSME00241,credit_invisible_viable,65.5,274.0,28.6,22.7,90.2,185.8,109.4,0.28,6.0,77.0,95,7.5,65.6,11.5,1,41.1,60.9,85.9,63.8,56.7,81.6,71.2
MSME00242,stable_growth,77.9,338.1,23.2,26.7,84.6,243.1,194.1,0.43,7.3,83.0,99,-12.7,72.4,11.5,0,20.2,62.5,64.4,59.9,44.3,67.7,60.8
MSME00243,declining,10.9,142.5,20.6,19.4,58.6,50.7,53.8,0.59,18.8,26.0,120,-11.2,39.2,-3.2,1,-6.1,45.0,27.6,38.0,26.3,21.4,31.7
MSME00244,credit_invisible_viable,56.4,313.5,-16.7,13.5,65.6,72.6,56.1,0.56,13.2,82.0,142,-21.7,81.0,8.4,0,22.7,33.9,55.8,62.3,34.8,69.4,52.3
MSME00245,high_risk_ntc,25.6,293.7,-21.3,29.2,61.8,126.8,128.9,0.33,22.2,106.0,85,5.7,37.9,4.6,1,-1.7,29.3,36.7,31.7,46.7,59.2,40.2
MSME00246,credit_invisible_viable,57.3,408.6,32.8,20.7,69.6,160.4,113.8,0.52,8.2,56.0,89,15.4,68.3,-1.8,0,29.1,74.5,67.0,54.3,44.4,63.6,61.9
MSME00247,seasonal,68.6,334.0,24.4,21.1,67.3,150.4,90.8,0.62,9.4,74.0,155,39.6,69.1,5.4,0,39.6,62.9,70.2,52.9,68.4,80.0,67.0
MSME00248,seasonal,84.0,392.2,33.9,25.4,78.5,208.4,153.5,0.45,9.6,70.0,126,31.7,49.2,9.0,0,26.3,74.0,66.0,48.7,68.3,67.2,64.7
MSME00249,seasonal,45.9,134.0,-9.7,8.6,70.9,270.7,169.1,0.52,13.0,47.0,62,-5.0,38.6,10.4,1,37.5,24.2,68.5,53.3,47.6,66.7,53.1
MSME00250,credit_invisible_viable,59.6,271.0,18.9,29.6,64.3,214.1,162.9,0.42,8.7,99.0,40,24.1,64.4,12.3,0,23.9,54.2,66.2,42.8,67.8,77.6,61.6
MSME00251,high_risk_ntc,33.5,295.0,42.3,26.3,55.7,188.1,193.0,0.37,7.5,37.0,68,-24.2,82.8,1.0,1,-2.6,71.7,49.3,47.3,23.8,29.0,45.5
MSME00252,declining,51.1,336.9,30.9,20.3,55.4,202.7,122.1,0.46,9.8,50.0,134,-12.9,70.0,11.4,0,39.8,67.5,75.6,47.0,44.1,70.0,62.4
MSME00253,stable_growth,65.2,316.0,25.0,7.7,79.8,248.5,155.9,0.66,5.7,33.0,182,17.5,39.9,7.9,0,37.3,61.9,70.7,59.7,58.1,60.6,62.8
MSME00254,stable_growth,77.0,398.0,18.6,21.3,84.8,182.5,114.1,0.36,2.9,58.0,124,-22.8,29.5,-6.8,0,37.5,64.2,84.3,48.2,14.6,71.4,60.0
MSME00255,credit_invisible_viable,86.2,390.1,23.5,2.5,84.5,86.2,60.7,0.22,4.5,40.0,94,18.5,84.3,8.0,0,29.6,66.8,81.7,83.1,58.9,57.2,70.7
MSME00256,credit_invisible_viable,51.5,365.7,-17.4,28.3,81.5,141.2,108.6,0.38,7.4,78.0,52,-13.7,59.0,15.8,0,23.1,37.6,68.3,51.8,49.2,67.9,55.9
MSME00257,stable_growth,64.8,321.9,26.4,7.6,76.3,219.7,211.9,0.46,13.2,113.0,136,12.9,82.6,-2.9,0,3.6,63.3,45.0,73.7,41.5,66.6,58.2
MSME00258,stable_growth,71.6,280.0,38.6,18.2,81.8,125.7,111.7,0.33,12.3,65.0,45,-7.6,54.8,11.0,0,11.1,68.0,56.1,58.3,46.8,52.4,56.8
MSME00259,declining,29.8,224.2,-16.9,25.9,66.4,107.5,102.5,0.63,11.0,19.0,109,5.3,57.0,16.9,1,4.7,26.6,42.1,44.1,62.3,27.4,39.5
MSME00260,stable_growth,81.5,86.5,16.3,26.8,79.9,159.1,118.5,0.47,6.9,97.0,156,17.8,84.2,5.1,0,25.5,37.6,67.4,61.5,54.7,78.0,60.5
MSME00261,credit_invisible_viable,70.4,345.2,2.0,16.3,71.0,254.0,206.8,0.58,3.0,55.0,135,35.1,61.5,10.0,0,18.6,48.9,62.2,56.0,71.6,54.4,58.2
MSME00262,seasonal,38.7,21.7,-6.9,18.3,89.1,178.4,132.4,0.74,11.7,86.0,82,0.6,48.3,-3.0,1,25.8,17.0,53.3,60.0,33.8,73.6,48.5
MSME00263,stable_growth,79.1,169.5,28.7,11.9,75.0,230.0,195.7,0.57,10.2,71.0,146,1.4,72.8,20.6,0,14.9,52.6,52.6,66.0,64.6,58.2,58.2
MSME00264,high_risk_ntc,21.3,210.7,-22.4,37.9,53.7,142.2,108.4,0.39,19.8,32.0,86,-10.9,56.5,3.4,1,23.8,21.8,56.0,27.2,35.0,48.9,38.8
MSME00265,stable_growth,85.2,387.1,39.7,19.8,86.0,203.6,168.6,0.22,4.9,77.0,93,-7.4,74.5,12.1,0,17.2,77.4,72.0,66.9,48.3,62.6,66.6
MSME00266,seasonal,52.5,149.0,30.2,18.2,73.9,166.8,162.2,0.45,17.2,81.0,170,14.0,76.3,17.5,0,2.8,51.9,40.8,61.8,68.4,52.4,53.7
MSME00267,stable_growth,69.9,239.6,19.1,15.9,60.6,110.3,87.1,0.33,3.9,67.0,100,23.7,61.0,14.9,0,21.0,51.8,72.0,50.0,70.9,61.5,61.3
MSME00268,stable_growth,79.3,429.4,-14.4,5.6,89.9,71.2,50.6,0.2,3.9,66.0,153,44.5,50.9,4.0,0,28.9,44.7,82.5,71.4,69.6,67.6,67.8
MSME00269,stable_growth,81.1,295.3,9.6,19.3,79.7,207.9,162.3,0.3,11.4,74.0,31,5.1,92.9,6.0,0,21.9,50.0,66.2,70.5,48.1,65.2,60.9
MSME00270,stable_growth,78.6,461.5,45.4,4.9,67.0,213.5,113.0,0.3,16.4,46.0,167,11.2,62.5,14.6,0,47.1,87.2,74.8,62.9,62.9,68.4,71.8
MSME00271,stable_growth,61.5,285.0,-20.8,27.2,86.4,234.1,194.3,0.31,13.2,78.0,165,-1.9,55.6,3.8,0,17.0,28.8,60.4,54.3,41.0,62.9,50.4
MSME00272,stable_growth,79.3,369.0,21.4,17.3,86.2,263.0,188.8,0.32,8.1,35.0,125,20.5,71.5,-4.0,0,28.2,63.7,73.5,67.8,44.7,53.8,62.1
MSME00273,declining,24.7,333.1,-14.0,41.8,49.9,204.3,183.7,0.74,6.0,37.0,106,2.4,50.2,4.0,1,10.1,37.3,47.2,19.6,43.9,39.7,37.7
MSME00274,credit_invisible_viable,70.4,322.8,37.6,9.2,92.3,122.0,104.7,0.44,2.7,90.0,140,12.1,62.5,-1.3,0,14.2,70.8,64.2,74.3,43.1,65.7,64.7
MSME00275,seasonal,42.9,138.7,-0.7,23.1,75.3,117.4,98.3,0.83,14.2,65.0,67,22.9,56.6,18.2,0,16.3,30.5,40.5,51.4,74.7,56.8,49.1
MSME00276,seasonal,65.4,285.7,29.3,35.0,75.3,203.4,130.1,0.46,8.5,84.0,136,-1.1,66.0,10.8,0,36.0,62.3,74.0,45.6,50.5,81.2,63.9
MSME00277,declining,26.9,180.5,15.6,36.7,80.3,250.1,220.0,0.5,10.4,47.0,50,15.3,52.8,-1.7,1,12.0,44.7,52.7,42.3,44.4,45.4,46.3
MSME00278,high_risk_ntc,10.8,59.6,32.2,24.5,58.4,178.1,170.0,0.6,18.2,68.0,48,-0.1,24.4,-1.9,1,4.5,46.1,35.7,28.4,34.8,48.2,38.7
MSME00279,high_risk_ntc,40.7,198.5,7.0,26.7,66.3,202.8,176.7,0.56,14.5,79.0,142,1.0,83.7,-5.4,0,12.9,40.5,47.2,53.5,31.0,59.9,47.2
MSME00280,stable_growth,76.9,257.6,33.3,16.6,71.8,170.5,129.8,0.47,13.2,87.0,158,9.6,69.2,2.0,0,23.9,62.7,59.9,59.1,45.7,72.5,60.7
MSME00281,stable_growth,70.1,386.6,-3.7,20.7,83.2,128.6,116.3,0.76,10.2,93.0,84,43.4,77.3,17.1,0,9.6,48.4,41.9,65.6,85.8,63.1,58.8
MSME00282,stable_growth,86.6,356.7,46.8,9.4,86.7,243.8,146.9,0.22,13.1,97.0,96,3.4,53.2,22.6,0,39.7,79.7,80.7,67.4,68.4,89.9,77.8
MSME00283,stable_growth,71.5,286.8,9.9,16.9,77.7,117.6,91.8,0.57,9.4,63.0,88,19.2,61.6,15.5,0,21.9,49.5,58.6,59.4,69.0,60.6,58.9
MSME00284,declining,35.3,197.4,-1.7,11.3,56.3,112.3,114.8,0.56,14.1,25.0,122,-14.6,43.4,5.0,1,-2.2,34.5,36.3,44.5,34.8,24.2,34.9
MSME00285,seasonal,63.2,311.5,20.5,20.8,76.2,165.0,98.2,0.19,15.8,79.0,67,37.6,85.6,5.6,0,40.5,58.5,79.2,64.5,67.5,82.5,71.0
MSME00286,stable_growth,70.0,363.6,-4.9,22.4,76.3,256.5,201.4,0.56,5.5,86.0,132,28.4,59.0,2.3,0,21.5,45.8,62.6,53.4,57.6,70.1,58.2
MSME00287,seasonal,65.7,199.0,26.3,16.9,60.0,154.1,107.7,0.66,21.7,94.0,144,-2.2,78.1,21.3,0,30.1,53.4,49.3,55.3,63.3,80.6,59.7
MSME00288,declining,29.7,106.9,24.6,12.2,49.5,24.0,20.1,0.38,17.2,30.0,81,7.1,41.7,3.5,0,16.2,44.9,53.3,39.2,46.1,41.7,45.4
MSME00289,stable_growth,71.7,401.9,29.9,27.2,83.5,213.5,138.4,0.4,11.2,51.0,156,18.5,62.0,21.8,0,35.2,72.1,72.8,55.0,76.7,66.5,68.4
MSME00290,credit_invisible_viable,81.6,303.6,-1.0,19.0,52.6,158.9,111.9,0.14,10.4,89.0,112,7.4,69.6,19.8,0,29.6,43.6,78.6,46.2,67.3,78.1,63.3
MSME00291,stable_growth,66.7,163.6,20.1,12.4,78.3,180.2,181.4,0.22,18.8,69.0,104,25.4,84.7,-3.1,0,-0.7,46.4,44.7,71.9,48.9,44.3,51.0
MSME00292,high_risk_ntc,0.0,151.6,7.0,30.6,50.2,71.7,58.0,0.78,21.6,11.0,32,-7.1,25.1,-2.6,1,19.1,36.7,37.0,19.1,29.6,36.0,32.1
MSME00293,stable_growth,87.9,391.7,-3.4,5.1,92.6,194.4,115.6,0.27,2.5,90.0,165,23.5,54.7,6.7,0,40.5,49.1,89.7,74.8,60.3,87.2,73.7
MSME00294,credit_invisible_viable,93.5,228.6,13.6,6.6,79.4,250.5,144.7,0.18,13.0,41.0,100,21.0,47.1,12.1,0,42.2,47.2,82.4,63.0,65.7,66.2,65.7
MSME00295,high_risk_ntc,23.9,196.8,20.3,23.1,68.5,41.5,44.6,0.6,14.7,27.0,96,3.1,34.8,3.9,1,-7.5,49.2,30.2,39.2,44.2,20.6,36.0
MSME00296,high_risk_ntc,0.9,179.7,-1.1,39.8,51.0,55.1,50.5,0.54,19.5,67.0,61,-9.7,31.8,21.2,1,8.3,33.5,39.5,14.9,58.6,51.0,38.5
MSME00297,credit_invisible_viable,64.9,330.0,29.2,13.5,76.6,213.5,165.1,0.34,5.0,104.0,66,12.2,41.2,0.8,0,22.7,65.8,71.8,53.8,45.8,78.8,64.5
MSME00298,credit_invisible_viable,65.1,352.8,48.4,25.3,83.3,137.1,99.1,0.57,12.9,41.0,85,-1.7,54.4,11.2,0,27.7,80.4,59.5,53.5,50.7,56.0,60.5
MSME00299,credit_invisible_viable,66.1,163.2,30.7,14.1,70.2,82.0,53.9,0.23,7.2,63.0,164,37.3,36.8,14.2,0,34.3,53.4,82.2,47.9,78.3,70.9,66.7
MSME00300,credit_invisible_viable,56.9,303.7,30.3,23.4,83.4,201.4,155.1,0.29,12.0,67.0,115,-12.4,46.6,8.3,0,23.0,64.4,66.8,52.1,40.4,63.2,58.7
MSME00301,stable_growth,79.6,308.4,55.5,14.8,68.7,249.4,258.1,0.4,7.0,108.0,78,24.3,87.2,11.9,0,-3.5,81.6,48.0,65.4,67.4,58.6,63.2
MSME00302,declining,40.2,176.2,6.5,32.5,70.0,131.7,134.5,0.68,21.4,44.0,107,-5.2,62.4,-1.4,1,-2.1,38.4,24.8,43.1,32.4,32.4,33.8
MSME00303,declining,20.1,248.2,-10.6,24.0,70.3,28.3,22.7,0.76,22.7,34.0,71,26.4,50.2,4.7,1,19.8,32.7,37.1,45.4,59.5,46.4,43.1
MSME00304,high_risk_ntc,40.5,361.6,19.0,10.6,74.5,178.6,168.2,0.38,14.1,92.0,191,-15.4,40.8,10.5,1,5.8,61.5,48.6,54.7,41.4,59.6,53.5
MSME00305,declining,55.5,414.1,25.8,9.6,90.5,66.8,46.6,0.63,12.0,55.0,118,-7.2,39.1,10.8,1,30.2,70.3,60.2,64.2,46.8,64.0,61.8
MSME00306,seasonal,62.1,396.8,10.2,14.9,65.2,188.7,112.1,0.29,8.9,85.0,93,-9.1,46.8,13.4,0,40.6,58.5,82.6,48.2,49.0,85.0,66.3
MSME00307,credit_invisible_viable,64.6,283.6,1.9,9.1,59.2,119.6,109.8,0.74,15.8,35.0,165,17.1,65.7,18.8,0,8.2,43.8,36.0,56.3,71.9,37.2,47.2
MSME00308,seasonal,58.3,309.8,50.7,24.6,61.3,94.6,90.2,0.25,9.7,62.0,36,-17.1,77.0,15.5,0,4.7,78.5,56.8,49.6,46.8,45.8,56.0
MSME00309,stable_growth,79.9,396.0,33.6,12.1,86.6,172.0,150.4,0.63,6.5,38.0,128,7.5,84.3,11.7,0,12.6,74.1,52.5,76.9,56.9,42.1,60.3
MSME00310,declining,17.7,169.6,-10.4,42.2,64.4,89.7,77.5,0.46,20.7,23.0,158,-33.2,56.3,-3.9,1,13.6,26.6,45.0,30.0,12.0,36.6,31.7
MSME00311,seasonal,62.0,299.2,36.4,6.7,75.5,130.1,99.3,0.76,8.2,88.0,105,14.5,53.0,4.1,0,23.7,68.2,54.5,62.9,51.5,72.7,62.1
MSME00312,stable_growth,71.9,383.3,22.6,19.6,64.5,218.0,187.3,0.52,9.1,73.0,46,3.8,69.8,8.4,0,14.1,65.7,54.9,52.7,50.5,58.3,56.6
MSME00313,seasonal,82.2,337.5,24.4,7.4,88.0,175.3,136.0,0.21,2.9,72.0,108,-11.1,68.7,13.3,0,22.4,63.2,78.3,75.5,47.6,64.8,67.4
MSME00314,seasonal,57.9,202.6,29.0,16.1,58.7,219.2,163.4,0.35,14.8,47.0,162,27.7,60.1,4.6,0,25.5,55.5,63.7,48.4,60.1,56.7,57.1
MSME00315,seasonal,80.0,298.8,3.6,17.2,90.3,213.3,123.1,0.52,17.4,73.0,139,-8.7,93.1,3.6,0,42.3,46.2,66.0,78.4,36.6,79.9,62.9
MSME00316,seasonal,46.8,303.6,20.4,5.6,94.1,103.3,88.0,0.67,16.5,67.0,62,19.2,34.1,-1.6,1,14.8,57.8,42.7,67.5,47.0,56.4,54.1
MSME00317,credit_invisible_viable,73.9,320.7,50.5,19.5,82.2,135.7,121.9,0.38,16.1,96.0,88,0.6,66.5,-2.0,0,10.2,79.2,49.9,61.9,35.1,64.9,58.9
MSME00318,seasonal,63.8,324.0,29.7,35.9,81.4,77.3,49.3,0.44,6.7,17.0,86,35.9,83.1,7.3,0,36.2,65.7,76.7,54.9,68.6,52.8,64.1
MSME00319,high_risk_ntc,17.0,219.2,-5.6,25.5,54.0,115.0,115.1,0.71,18.2,26.0,91,6.7,30.0,-5.2,1,-0.1,33.7,28.5,27.1,34.7,26.4,29.8
MSME00320,high_risk_ntc,32.7,165.5,-1.8,28.8,48.1,101.7,94.0,0.56,10.4,55.0,144,-19.4,42.8,-1.8,1,7.6,31.9,47.3,25.9,23.1,45.2,35.9
MSME00321,declining,47.1,316.2,5.8,32.4,61.9,35.3,33.0,0.26,11.8,57.0,143,-13.4,50.1,4.0,1,6.5,49.1,55.7,33.9,34.3,45.2,44.7
MSME00322,seasonal,56.1,306.1,12.8,19.5,59.5,127.3,117.7,0.31,15.4,75.0,126,19.1,59.0,-1.7,0,7.5,53.0,51.0,45.9,46.8,53.6,50.3
MSME00323,declining,18.1,75.5,-5.2,24.0,47.6,57.6,47.9,0.62,17.5,50.0,31,-12.3,29.2,6.7,1,16.8,22.5,45.0,24.2,38.4,50.8,36.5
MSME00324,credit_invisible_viable,67.8,415.1,38.4,4.0,91.5,254.1,151.4,0.64,4.3,64.0,57,8.8,76.7,15.2,0,40.4,78.8,74.9,83.2,62.2,76.0,75.7
MSME00325,credit_invisible_viable,59.0,228.0,-11.0,26.7,76.4,68.9,49.9,0.72,5.5,53.0,131,30.7,74.4,4.1,0,27.6,30.8,61.5,55.9,61.4,61.0,54.1
MSME00326,credit_invisible_viable,64.6,138.5,36.5,18.2,79.5,88.5,79.8,0.58,4.7,64.0,55,-4.0,74.3,5.7,0,9.8,55.3,53.9,64.3,42.2,50.9,53.9
MSME00327,declining,34.2,115.9,1.0,16.4,60.9,192.6,154.1,0.58,17.1,81.0,78,0.4,40.4,10.0,0,20.0,29.8,49.2,42.1,50.4,66.7,47.6
MSME00328,credit_invisible_viable,50.9,157.0,22.7,23.5,68.3,228.3,166.1,0.61,20.9,44.0,115,23.4,61.9,2.0,0,27.2,47.6,49.7,49.0,54.2,56.8,51.2
MSME00329,seasonal,40.6,228.2,-8.6,19.0,78.0,91.9,57.9,0.38,19.7,54.0,47,17.1,42.2,0.4,1,37.0,32.4,66.4,50.7,48.2,69.3,54.3
MSME00330,credit_invisible_viable,72.8,291.5,45.0,12.9,77.7,148.6,146.1,0.37,2.8,79.0,73,11.0,64.5,18.3,0,1.7,73.2,57.2,63.6,67.6,50.6,61.9
MSME00331,stable_growth,70.8,279.5,43.5,23.7,83.0,218.0,190.4,0.26,16.4,103.0,113,7.6,92.4,16.4,0,12.7,71.3,55.7,68.8,63.0,70.0,65.4
MSME00332,credit_invisible_viable,42.4,289.6,29.7,12.0,64.9,33.3,31.7,0.27,17.9,50.0,117,-26.0,58.2,11.4,0,4.8,62.9,47.9,54.5,36.1,40.8,49.0
MSME00333,high_risk_ntc,41.8,260.3,-13.3,33.5,63.1,45.8,44.7,0.57,6.5,80.0,140,-17.4,38.9,13.8,1,2.4,31.9,46.9,29.5,44.4,51.6,41.0
MSME00334,stable_growth,77.2,356.6,40.1,6.6,63.0,177.4,145.1,0.42,7.3,101.0,146,21.6,74.3,-3.5,0,18.2,75.2,63.3,63.6,46.0,73.8,65.2
MSME00335,credit_invisible_viable,60.9,322.2,27.4,14.0,52.6,246.9,186.7,0.57,16.2,66.0,112,6.6,43.3,18.2,1,24.4,64.0,53.7,40.2,64.8,63.9,56.8
MSME00336,stable_growth,64.5,349.8,-7.5,35.9,72.1,147.1,111.2,0.53,13.1,65.0,78,12.3,46.8,12.4,0,24.4,42.9,58.2,35.8,60.8,63.5,52.1
MSME00337,credit_invisible_viable,76.4,130.7,26.2,27.5,79.8,198.4,136.5,0.43,3.9,69.0,73,32.2,54.2,17.6,0,31.2,47.8,76.1,49.7,79.6,70.8,64.6
MSME00338,stable_growth,77.8,297.2,33.5,17.3,64.6,248.0,260.8,0.49,11.4,71.0,99,-7.3,64.8,13.8,0,-5.2,66.1,39.2,52.7,50.6,41.4,49.4
MSME00339,high_risk_ntc,65.7,103.2,32.0,11.0,75.2,267.5,227.9,0.41,2.8,90.0,131,6.6,80.4,9.8,0,14.8,49.5,65.6,69.7,54.0,66.2,61.6
MSME00340,stable_growth,78.4,335.8,30.5,11.9,80.4,161.1,109.4,0.46,7.4,83.0,137,19.7,80.1,8.7,0,32.1,67.1,72.2,71.8,60.5,77.6,70.4
MSME00341,high_risk_ntc,35.8,208.6,14.3,26.4,46.8,126.3,117.8,0.38,19.4,59.0,22,-13.7,62.5,8.8,0,6.7,46.1,44.0,34.3,40.2,46.2,42.4
MSME00342,credit_invisible_viable,66.3,387.2,44.9,19.2,64.9,260.4,169.3,0.49,10.2,43.0,78,34.5,49.1,6.9,0,35.0,80.8,70.5,45.5,67.3,63.0,65.6
MSME00343,declining,43.2,344.1,34.4,23.2,72.4,59.1,60.6,0.62,11.0,35.0,146,19.9,48.3,13.5,1,-2.5,70.4,37.0,46.5,66.8,28.3,48.3
MSME00344,credit_invisible_viable,74.3,339.6,-19.3,16.9,82.6,240.5,160.5,0.28,13.3,110.0,123,20.0,74.5,-1.6,0,33.3,34.3,73.5,67.1,47.5,90.2,63.8
MSME00345,credit_invisible_viable,80.5,292.0,22.5,14.0,67.2,137.1,109.2,0.38,12.8,75.0,62,40.6,62.9,6.8,0,20.4,58.3,60.8,56.0,70.9,64.4,61.6
MSME00346,high_risk_ntc,22.2,216.4,-0.1,15.0,62.1,112.0,115.3,0.45,21.2,30.0,170,-27.7,44.0,18.7,1,-2.9,37.2,32.5,45.2,44.4,25.8,36.4
MSME00347,seasonal,54.8,213.0,-12.5,16.5,83.1,143.2,123.6,0.36,16.1,96.0,103,6.8,69.3,3.1,0,13.7,28.6,53.2,65.8,45.4,67.8,52.6
MSME00348,declining,30.2,192.8,8.0,34.5,72.2,68.3,61.6,0.33,19.8,57.0,102,4.3,46.1,3.2,1,9.8,40.6,47.7,36.7,44.0,48.0,43.6
MSME00349,stable_growth,81.3,412.1,46.2,6.3,79.8,140.7,102.4,0.61,11.5,91.0,141,-0.7,76.5,4.1,0,27.2,83.7,59.1,74.5,42.2,77.0,68.1
